{"NextFitOnline": {"N4C2W2_A.BPP.txt": {"Bins Used": 344, "Average Weight Per Bin": 87.26453488372093, "Average Unused Space Per Bin": 32.73546511627907, "Time": 3.4331935882259137e-07}, "N4C2W2_B.BPP.txt": {"Bins Used": 342, "Average Weight Per Bin": 87.44736842105263, "Average Unused Space Per Bin": 32.55263157894737, "Time": 3.515011692031833e-07}}, "FirstFitOnline": {"N4C2W2_A.BPP.txt": {"Bins Used": 267, "Average Weight Per Bin": 112.4307116104869, "Average Unused Space Per Bin": 7.569288389513108, "Time": 3.411524645483925e-07}, "N4C2W2_B.BPP.txt": {"Bins Used": 266, "Average Weight Per Bin": 112.43233082706767, "Average Unused Space Per Bin": 7.567669172932331, "Time": 3.412042204525845e-07}}, "BestFitOnline": {"N4C2W2_A.BPP.txt": {"Bins Used": 261, "Average Weight Per Bin": 115.01532567049809, "Average Unused Space Per Bin": 4.984674329501916, "Time": 3.454164155300421e-07}, "N4C2W2_B.BPP.txt": {"Bins Used": 261, "Average Weight Per Bin": 114.58620689655173, "Average Unused Space Per Bin": 5.413793103448276, "Time": 3.3943299611455256e-07}}, "WorstFitOnline": {"N4C2W2_A.BPP.txt": {"Bins Used": 302, "Average Weight Per Bin": 99.40066225165563, "Average Unused Space Per Bin": 20.59933774834437, "Time": 3.340686511985972e-07}, "N4C2W2_B.BPP.txt": {"Bins Used": 301, "Average Weight Per Bin": 99.35880398671097, "Average Unused Space Per Bin": 20.641196013289036, "Time": 3.3570812225010754e-07}}, "NextFitOffline": {"N4C2W2_A.BPP.txt": {"Bins Used": 344, "Average Weight Per Bin": 87.26453488372093, "Average Unused Space Per Bin": 32.73546511627907, "Time": 1.1726976013204382e-06}, "N4C2W2_B.BPP.txt": {"Bins Used": 343, "Average Weight Per Bin": 87.19241982507289, "Average Unused Space Per Bin": 32.80758017492711, "Time": 1.1851237996352016e-06}}, "FirstFitOffline": {"N4C2W2_A.BPP.txt": {"Bins Used": 253, "Average Weight Per Bin": 118.65217391304348, "Average Unused Space Per Bin": 1.3478260869565217, "Time": 1.2055542755055419e-06}, "N4C2W2_B.BPP.txt": {"Bins Used": 254, "Average Weight Per Bin": 117.74409448818898, "Average Unused Space Per Bin": 2.2559055118110236, "Time": 1.3375831095359854e-06}}, "BestFitOffline": {"N4C2W2_A.BPP.txt": {"Bins Used": 253, "Average Weight Per Bin": 118.65217391304348, "Average Unused Space Per Bin": 1.3478260869565217, "Time": 1.2105559031157694e-06}, "N4C2W2_B.BPP.txt": {"Bins Used": 254, "Average Weight Per Bin": 117.74409448818898, "Average Unused Space Per Bin": 2.2559055118110236, "Time": 1.1498802820882522e-06}}, "WorstFitOffline": {"N4C2W2_A.BPP.txt": {"Bins Used": 253, "Average Weight Per Bin": 118.65217391304348, "Average Unused Space Per Bin": 1.3478260869565217, "Time": 1.1504763285245338e-06}, "N4C2W2_B.BPP.txt": {"Bins Used": 254, "Average Weight Per Bin": 117.74409448818898, "Average Unused Space Per Bin": 2.2559055118110236, "Time": 1.1372289021797469e-06}}}